p1_sigma,p2_alpha,p3_delta,sim_time_s,modelocking_time_s,classification_time_s
30.000000,0.000000,-4.000000,0.0000,0.0000,0.0000,0.7253
30.000000,0.000000,-4.000000,0.0000,0.0000,0.0000,0.7253
30.000000,0.000000,-4.000000,0.0000,0.0000,0.0000,0.7253
30.000000,0.000000,-4.000000,0.0000,0.0000,0.0000,0.7253
30.000000,0.000000,-4.000000,0.0000,0.0000,0.0000,0.7253
30.000000,0.000000,-4.000000,0.0000,0.0000,0.0000,0.7253
30.000000,0.000000,-4.000000,0.0000,0.0000,0.0000,0.7253
30.000000,0.000000,-4.000000,0.0000,0.0000,0.0000,0.7253
30.000000,0.000000,-4.000000,0.0000,0.0000,0.0000,0.7253
30.000000,0.000000,-4.000000,0.0000,0.0000,0.0000,0.7253
30.000000,0.111111,-4.000000,0.0000,0.0000,0.0000,0.7253
30.000000,0.111111,-4.000000,0.0000,0.0000,0.0000,0.7253
30.000000,0.111111,-4.000000,0.0000,0.0000,0.0000,0.7253
30.000000,0.111111,-4.000000,0.0000,0.0000,0.0000,0.7253
30.000000,0.111111,-4.000000,0.0000,0.0000,0.0000,0.7253
30.000000,0.111111,-4.000000,0.0000,0.0000,0.0000,0.7253
30.000000,0.111111,-4.000000,0.0000,0.0000,0.0000,0.7253
30.000000,0.111111,-4.000000,0.0000,0.0000,0.0000,0.7253
30.000000,0.111111,-4.000000,0.0000,0.0000,0.0000,0.7253
30.000000,0.111111,-4.000000,0.0000,0.0000,0.0000,0.7253
30.000000,0.222222,-4.000000,0.0000,0.0000,0.0000,0.7253
30.000000,0.222222,-4.000000,0.0000,0.0000,0.0000,0.7253
30.000000,0.222222,-4.000000,0.0000,0.0000,0.0000,0.7253
30.000000,0.222222,-4.000000,0.0000,0.0000,0.0000,0.7253
30.000000,0.222222,-4.000000,0.0000,0.0000,0.0000,0.7253
30.000000,0.222222,-4.000000,0.0000,0.0000,0.0000,0.7253
30.000000,0.222222,-4.000000,0.0000,0.0000,0.0000,0.7253
30.000000,0.222222,-4.000000,0.0000,0.0000,0.0000,0.7253
30.000000,0.222222,-4.000000,0.0000,0.0000,0.0000,0.7253
30.000000,0.222222,-4.000000,0.0000,0.0000,0.0000,0.7253
30.000000,0.333333,-4.000000,0.0000,0.0000,0.0000,0.7253
30.000000,0.333333,-4.000000,0.0000,0.0000,0.0000,0.7253
30.000000,0.333333,-4.000000,0.0000,0.0000,0.0000,0.7253
30.000000,0.333333,-4.000000,0.0000,0.0000,0.0000,0.7253
30.000000,0.333333,-4.000000,0.0000,0.0000,0.0000,0.7253
30.000000,0.333333,-4.000000,0.0000,0.0000,0.0000,0.7253
30.000000,0.333333,-4.000000,0.0000,0.0000,0.0000,0.7253
30.000000,0.333333,-4.000000,0.0000,0.0000,0.0000,0.7253
30.000000,0.333333,-4.000000,0.0000,0.0000,0.0000,0.7253
30.000000,0.333333,-4.000000,0.0000,0.0000,0.0000,0.7253
30.000000,0.444444,-4.000000,0.0000,0.0000,0.0000,0.7253
30.000000,0.444444,-4.000000,0.0000,0.0000,0.0000,0.7253
30.000000,0.444444,-4.000000,0.0000,0.0000,0.0000,0.7253
30.000000,0.444444,-4.000000,0.0000,0.0000,0.0000,0.7253
30.000000,0.444444,-4.000000,0.0000,0.0000,0.0000,0.7253
30.000000,0.444444,-4.000000,0.0000,0.0000,0.0000,0.7253
30.000000,0.444444,-4.000000,0.0000,0.0000,0.0000,0.7253
30.000000,0.444444,-4.000000,0.0000,0.0000,0.0000,0.7253
30.000000,0.444444,-4.000000,0.0000,0.0000,0.0000,0.7253
30.000000,0.444444,-4.000000,0.0000,0.0000,0.0000,0.7253
30.000000,0.555556,-4.000000,0.0000,0.0000,0.0000,0.7253
30.000000,0.555556,-4.000000,0.0000,0.0000,0.0000,0.7253
30.000000,0.555556,-4.000000,0.0000,0.0000,0.0000,0.7253
30.000000,0.555556,-4.000000,0.0000,0.0000,0.0000,0.7253
30.000000,0.555556,-4.000000,0.0000,0.0000,0.0000,0.7253
30.000000,0.555556,-4.000000,0.0000,0.0000,0.0000,0.7253
30.000000,0.555556,-4.000000,0.0000,0.0000,0.0000,0.7253
30.000000,0.555556,-4.000000,0.0000,0.0000,0.0000,0.7253
30.000000,0.555556,-4.000000,0.0000,0.0000,0.0000,0.7253
30.000000,0.555556,-4.000000,0.0000,0.0000,0.0000,0.7253
30.000000,0.666667,-4.000000,0.0000,0.0000,0.0000,0.7253
30.000000,0.666667,-4.000000,0.0000,0.0000,0.0000,0.7253
30.000000,0.666667,-4.000000,0.0000,0.0000,0.0000,0.7253
30.000000,0.666667,-4.000000,0.0000,0.0000,0.0000,0.7253
30.000000,0.666667,-4.000000,0.0000,0.0000,0.0000,0.7253
30.000000,0.666667,-4.000000,0.0000,0.0000,0.0000,0.7253
30.000000,0.666667,-4.000000,0.0000,0.0000,0.0000,0.7253
30.000000,0.666667,-4.000000,0.0000,0.0000,0.0000,0.7253
30.000000,0.666667,-4.000000,0.0000,0.0000,0.0000,0.7253
30.000000,0.666667,-4.000000,0.0000,0.0000,0.0000,0.7253
30.000000,0.888889,-4.000000,0.0000,0.0000,0.0000,0.7253
30.000000,0.888889,-4.000000,0.0000,0.0000,0.0000,0.7253
30.000000,0.888889,-4.000000,0.0000,0.0000,0.0000,0.7253
30.000000,0.888889,-4.000000,0.0000,0.0000,0.0000,0.7253
30.000000,0.888889,-4.000000,0.0000,0.0000,0.0000,0.7253
30.000000,0.888889,-4.000000,0.0000,0.0000,0.0000,0.7253
30.000000,0.888889,-4.000000,0.0000,0.0000,0.0000,0.7253
30.000000,0.888889,-4.000000,0.0000,0.0000,0.0000,0.7253
30.000000,0.888889,-4.000000,0.0000,0.0000,0.0000,0.7253
30.000000,0.888889,-4.000000,0.0000,0.0000,0.0000,0.7253
30.000000,1.000000,-4.000000,0.0000,0.0000,0.0000,0.7253
30.000000,1.000000,-4.000000,0.0000,0.0000,0.0000,0.7253
30.000000,1.000000,-4.000000,0.0000,0.0000,0.0000,0.7253
30.000000,1.000000,-4.000000,0.0000,0.0000,0.0000,0.7253
30.000000,1.000000,-4.000000,0.0000,0.0000,0.0000,0.7253
30.000000,1.000000,-4.000000,0.0000,0.0000,0.0000,0.7253
30.000000,1.000000,-4.000000,0.0000,0.0000,0.0000,0.7253
30.000000,1.000000,-4.000000,0.0000,0.0000,0.0000,0.7253
30.000000,1.000000,-4.000000,0.0000,0.0000,0.0000,0.7253
30.000000,1.000000,-4.000000,0.0000,0.0000,0.0000,0.7253
